Emp ID,Name Prefix,First Name,Middle Initial,Last Name,Gender,E Mail,Date of Birth,Date of Joining,Salary
EmployeeDTO{empId='945178', namePrefix='Ms.', firstName='Beulah', middleInitial='J', lastName='Weeks', gender='F', email='beulah.weeks@aol.com', dob='4/5/1975', dateOfJoining='2/11/2011', salary='139978'}
EmployeeDTO{empId='467080', namePrefix='Drs.', firstName='Terrilyn', middleInitial='A', lastName='Mcmullen', gender='F', email='terrilyn.mcmullen@gmail.com', dob='1/21/1966', dateOfJoining='8/16/2005', salary='175513'}
EmployeeDTO{empId='517476', namePrefix='Ms.', firstName='Marleen', middleInitial='C', lastName='Bell', gender='F', email='marleen.bell@gmail.com', dob='1/6/1963', dateOfJoining='12/3/1995', salary='117582'}
EmployeeDTO{empId='281376', namePrefix='Hon.', firstName='Charlene', middleInitial='I', lastName='Fenton', gender='F', email='charlene.fenton@gmail.com', dob='6/23/1988', dateOfJoining='10/14/2013', salary='61675'}
EmployeeDTO{empId='173479', namePrefix='Ms.', firstName='Marnie', middleInitial='Z', lastName='Luckey', gender='F', email='marnie.luckey@outlook.com', dob='11/27/1970', dateOfJoining='5/5/2017', salary='81053'}
EmployeeDTO{empId='254060', namePrefix='Dr.', firstName='Sylvester', middleInitial='V', lastName='Hamill', gender='M', email='sylvester.hamill@aol.com', dob='7/6/1964', dateOfJoining='7/19/1989', salary='105460'}
EmployeeDTO{empId='581148', namePrefix='Ms.', firstName='Oneida', middleInitial='S', lastName='Straub', gender='F', email='oneida.straub@walmart.com', dob='3/18/1970', dateOfJoining='12/1/1998', salary='131416'}
EmployeeDTO{empId='989007', namePrefix='Mr.', firstName='Carol', middleInitial='T', lastName='London', gender='M', email='carol.london@yahoo.com', dob='1/22/1964', dateOfJoining='12/7/1990', salary='64957'}
EmployeeDTO{empId='961538', namePrefix='Mrs.', firstName='Norman', middleInitial='J', lastName='Siler', gender='F', email='norman.siler@verizon.net', dob='8/10/1982', dateOfJoining='4/17/2012', salary='176420'}
EmployeeDTO{empId='806216', namePrefix='Mrs.', firstName='Gwendolyn', middleInitial='U', lastName='Bramble', gender='F', email='gwendolyn.bramble@hotmail.com', dob='11/13/1982', dateOfJoining='7/31/2016', salary='59164'}
EmployeeDTO{empId='968722', namePrefix='Mr.', firstName='Freeman', middleInitial='H', lastName='Lower', gender='M', email='freeman.lower@aol.com', dob='2/19/1996', dateOfJoining='3/11/2017', salary='76823'}
EmployeeDTO{empId='535207', namePrefix='Ms.', firstName='Myrtie', middleInitial='J', lastName='Testerman', gender='F', email='myrtie.testerman@bellsouth.net', dob='12/30/1981', dateOfJoining='7/13/2013', salary='101955'}
EmployeeDTO{empId='401576', namePrefix='Ms.', firstName='Iola', middleInitial='U', lastName='Carranza', gender='F', email='iola.carranza@hotmail.com', dob='2/3/1988', dateOfJoining='12/5/2016', salary='142745'}
EmployeeDTO{empId='505192', namePrefix='Ms.', firstName='Corinna', middleInitial='T', lastName='Garfield', gender='F', email='corinna.garfield@gmail.com', dob='4/22/1976', dateOfJoining='7/16/2001', salary='61454'}
EmployeeDTO{empId='577588', namePrefix='Ms.', firstName='Adam', middleInitial='X', lastName='Sorensen', gender='F', email='adam.sorensen@gmail.com', dob='4/14/1967', dateOfJoining='3/18/1997', salary='123968'}
EmployeeDTO{empId='528467', namePrefix='Dr.', firstName='Asa', middleInitial='K', lastName='Peeples', gender='M', email='asa.peeples@aol.com', dob='10/3/1971', dateOfJoining='12/9/1994', salary='63788'}
EmployeeDTO{empId='741457', namePrefix='Prof.', firstName='Shawn', middleInitial='L', lastName='Felts', gender='M', email='shawn.felts@gmail.com', dob='2/22/1960', dateOfJoining='8/5/1998', salary='131082'}
EmployeeDTO{empId='425467', namePrefix='Mr.', firstName='Benton', middleInitial='Q', lastName='Dotson', gender='M', email='benton.dotson@yahoo.co.in', dob='10/29/1976', dateOfJoining='11/28/2004', salary='78764'}
EmployeeDTO{empId='766480', namePrefix='Mrs.', firstName='Bridgette', middleInitial='R', lastName='Cannady', gender='F', email='bridgette.cannady@verizon.net', dob='12/4/1980', dateOfJoining='2/27/2009', salary='50683'}
EmployeeDTO{empId='315817', namePrefix='Mrs.', firstName='Suzanna', middleInitial='M', lastName='Mcfarlane', gender='F', email='suzanna.mcfarlane@yahoo.com', dob='7/25/1994', dateOfJoining='7/10/2016', salary='102387'}
EmployeeDTO{empId='724623', namePrefix='Hon.', firstName='Lashonda', middleInitial='Q', lastName='Heckman', gender='F', email='lashonda.heckman@yahoo.com', dob='11/8/1974', dateOfJoining='7/31/2000', salary='146675'}
EmployeeDTO{empId='772917', namePrefix='Hon.', firstName='Valentine', middleInitial='V', lastName='Linder', gender='F', email='valentine.linder@hotmail.com', dob='7/12/1979', dateOfJoining='5/27/2014', salary='44938'}
EmployeeDTO{empId='992731', namePrefix='Hon.', firstName='Kirstin', middleInitial='S', lastName='Begley', gender='F', email='kirstin.begley@outlook.com', dob='9/27/1995', dateOfJoining='11/17/2016', salary='173538'}
EmployeeDTO{empId='891653', namePrefix='Mrs.', firstName='Mindi', middleInitial='T', lastName='Higley', gender='F', email='mindi.higley@gmail.com', dob='1/11/1958', dateOfJoining='2/6/1981', salary='157961'}
EmployeeDTO{empId='469204', namePrefix='Mr.', firstName='Rufus', middleInitial='H', lastName='Schofield', gender='M', email='rufus.schofield@gmail.com', dob='8/14/1986', dateOfJoining='7/7/2010', salary='78434'}
EmployeeDTO{empId='177006', namePrefix='Mrs.', firstName='Gisele', middleInitial='P', lastName='Huie', gender='F', email='gisele.huie@gmail.com', dob='4/29/1980', dateOfJoining='7/11/2010', salary='115389'}
EmployeeDTO{empId='214099', namePrefix='Ms.', firstName='Isabelle', middleInitial='I', lastName='Escobedo', gender='F', email='isabelle.escobedo@hotmail.com', dob='10/7/1995', dateOfJoining='1/14/2017', salary='99956'}
EmployeeDTO{empId='115718', namePrefix='Ms.', firstName='Celia', middleInitial='S', lastName='Richards', gender='F', email='celia.richards@ibm.com', dob='10/2/1984', dateOfJoining='12/6/2009', salary='56085'}
EmployeeDTO{empId='437622', namePrefix='Dr.', firstName='Marshall', middleInitial='U', lastName='Luckett', gender='M', email='marshall.luckett@hotmail.co.uk', dob='12/11/1974', dateOfJoining='10/2/2012', salary='138716'}
EmployeeDTO{empId='556707', namePrefix='Prof.', firstName='Randy', middleInitial='O', lastName='Foxworth', gender='M', email='randy.foxworth@gmail.com', dob='4/18/1967', dateOfJoining='9/2/1988', salary='71645'}
EmployeeDTO{empId='562522', namePrefix='Mr.', firstName='Merlin', middleInitial='J', lastName='Tackett', gender='M', email='merlin.tackett@gmail.com', dob='6/2/1990', dateOfJoining='9/9/2013', salary='72994'}
EmployeeDTO{empId='482012', namePrefix='Ms.', firstName='Jonnie', middleInitial='H', lastName='Mclellan', gender='F', email='jonnie.mclellan@hotmail.com', dob='5/2/1960', dateOfJoining='10/3/1999', salary='160710'}
EmployeeDTO{empId='443835', namePrefix='Hon.', firstName='Louis', middleInitial='M', lastName='Alton', gender='M', email='louis.alton@ibm.com', dob='9/27/1972', dateOfJoining='3/7/1998', salary='66309'}
EmployeeDTO{empId='195200', namePrefix='Dr.', firstName='Jaime', middleInitial='F', lastName='Steck', gender='M', email='jaime.steck@gmail.com', dob='1/8/1969', dateOfJoining='2/14/2013', salary='101125'}
EmployeeDTO{empId='439490', namePrefix='Mrs.', firstName='Catrice', middleInitial='Y', lastName='Labrecque', gender='F', email='catrice.labrecque@yahoo.com', dob='7/28/1975', dateOfJoining='8/20/2011', salary='147041'}
EmployeeDTO{empId='874818', namePrefix='Dr.', firstName='Joshua', middleInitial='N', lastName='Thai', gender='M', email='joshua.thai@bellsouth.net', dob='5/23/1970', dateOfJoining='3/26/2002', salary='87636'}
EmployeeDTO{empId='232476', namePrefix='Hon.', firstName='Nancie', middleInitial='B', lastName='Broomfield', gender='F', email='nancie.broomfield@hotmail.com', dob='9/17/1978', dateOfJoining='4/19/2004', salary='189661'}
EmployeeDTO{empId='695651', namePrefix='Mr.', firstName='Herb', middleInitial='W', lastName='Mosier', gender='M', email='herb.mosier@shaw.ca', dob='5/13/1969', dateOfJoining='6/30/1991', salary='42944'}
EmployeeDTO{empId='576333', namePrefix='Mr.', firstName='Gregorio', middleInitial='Z', lastName='Bauman', gender='M', email='gregorio.bauman@gmail.com', dob='12/12/1970', dateOfJoining='1/9/2016', salary='188606'}
EmployeeDTO{empId='421181', namePrefix='Drs.', firstName='Merri', middleInitial='J', lastName='Tillery', gender='F', email='merri.tillery@outlook.com', dob='1/12/1958', dateOfJoining='6/14/1990', salary='85034'}
EmployeeDTO{empId='637227', namePrefix='Ms.', firstName='Georgiann', middleInitial='P', lastName='Leyba', gender='F', email='georgiann.leyba@charter.net', dob='9/16/1966', dateOfJoining='2/26/2012', salary='126080'}
EmployeeDTO{empId='816839', namePrefix='Ms.', firstName='In', middleInitial='Q', lastName='Shirk', gender='F', email='in.shirk@yahoo.com', dob='5/25/1981', dateOfJoining='11/9/2015', salary='118928'}
EmployeeDTO{empId='365479', namePrefix='Drs.', firstName='Leann', middleInitial='E', lastName='Ellinger', gender='F', email='leann.ellinger@earthlink.net', dob='5/4/1982', dateOfJoining='10/30/2016', salary='156004'}
EmployeeDTO{empId='992780', namePrefix='Mr.', firstName='Lawrence', middleInitial='L', lastName='Macomber', gender='M', email='lawrence.macomber@exxonmobil.com', dob='6/9/1967', dateOfJoining='10/23/1993', salary='42843'}
EmployeeDTO{empId='571027', namePrefix='Ms.', firstName='Maegan', middleInitial='H', lastName='Tyson', gender='F', email='maegan.tyson@hotmail.com', dob='1/9/1972', dateOfJoining='11/26/2012', salary='197202'}
EmployeeDTO{empId='947619', namePrefix='Mrs.', firstName='Penny', middleInitial='C', lastName='Drumm', gender='F', email='penny.drumm@gmail.com', dob='1/27/1959', dateOfJoining='11/1/1994', salary='162273'}
EmployeeDTO{empId='721695', namePrefix='Mr.', firstName='Robert', middleInitial='B', lastName='Harrison', gender='M', email='robert.harrison@gmail.com', dob='1/10/1996', dateOfJoining='7/15/2017', salary='55024'}
EmployeeDTO{empId='273911', namePrefix='Ms.', firstName='Eboni', middleInitial='V', lastName='Vermillion', gender='F', email='eboni.vermillion@hotmail.com', dob='3/14/1980', dateOfJoining='7/13/2015', salary='127588'}
EmployeeDTO{empId='308771', namePrefix='Mrs.', firstName='Adeline', middleInitial='X', lastName='Poston', gender='F', email='adeline.poston@charter.net', dob='3/7/1979', dateOfJoining='6/28/2005', salary='187740'}
EmployeeDTO{empId='449321', namePrefix='Mr.', firstName='Tommie', middleInitial='X', lastName='Tomblin', gender='M', email='tommie.tomblin@hotmail.com', dob='7/19/1963', dateOfJoining='9/20/2001', salary='145402'}
EmployeeDTO{empId='602809', namePrefix='Ms.', firstName='Juana', middleInitial='E', lastName='Perdue', gender='F', email='juana.perdue@hotmail.com', dob='5/8/1962', dateOfJoining='3/14/2001', salary='80774'}
EmployeeDTO{empId='768767', namePrefix='Mrs.', firstName='Elene', middleInitial='X', lastName='Riddick', gender='F', email='elene.riddick@apple.com', dob='11/3/1970', dateOfJoining='2/4/1996', salary='196965'}
EmployeeDTO{empId='955733', namePrefix='Mr.', firstName='Irwin', middleInitial='A', lastName='Grow', gender='M', email='irwin.grow@rediffmail.com', dob='11/21/1989', dateOfJoining='9/5/2014', salary='172045'}
EmployeeDTO{empId='272630', namePrefix='Ms.', firstName='Ingeborg', middleInitial='M', lastName='Bolding', gender='F', email='ingeborg.bolding@cox.net', dob='6/10/1988', dateOfJoining='9/4/2012', salary='53138'}
EmployeeDTO{empId='510897', namePrefix='Drs.', firstName='Alene', middleInitial='X', lastName='Throckmorton', gender='F', email='alene.throckmorton@outlook.com', dob='5/28/1964', dateOfJoining='2/26/1988', salary='73907'}
EmployeeDTO{empId='758783', namePrefix='Dr.', firstName='Antonio', middleInitial='E', lastName='Kropp', gender='M', email='antonio.kropp@yahoo.com', dob='2/12/1983', dateOfJoining='1/8/2008', salary='184807'}
EmployeeDTO{empId='631859', namePrefix='Hon.', firstName='Trudi', middleInitial='V', lastName='Aiken', gender='F', email='trudi.aiken@msn.com', dob='3/19/1990', dateOfJoining='10/16/2014', salary='176579'}
